<?xml version="1.0" encoding="UTF-8"?>
<beans xmlns = "http://www.springframework.org/schema/beans"
xmlns:xsi = "http://www.w3.org/2001/XMLSchema-instance"
xsi:schemaLocation = "http://www.springframework.org/schema/beans
http://www.springframework.org/schema/beans/spring-beans-3.0.xsd">



<bean id="e1" class="com.demo.Employee">
<property name="id" value="emp1"></property>
<property name="salary" value="100000"></property>
<property name="address" value="Padukone"></property>
<property name="name" value="xyz"></property>

</bean>
<bean id="b1" class="com.demo.Book">
<property name="id" value="book1"></property>
<property name="publisher" value="www"></property>
<property name="price" value="1000"></property>
</bean>


</beans>