<?xml version="1.0" encoding="UTF-8"?>
<beans xmlns = "http://www.springframework.org/schema/beans"
xmlns:xsi = "http://www.w3.org/2001/XMLSchema-instance"
xsi:schemaLocation = "http://www.springframework.org/schema/beans
http://www.springframework.org/schema/beans/spring-beans-3.0.xsd">



<bean id="e1" class="demoOfMaven.mavendemoo2.Employee">
<constructor-arg name="id" value="10"></constructor-arg>
<constructor-arg name="salary" value="10"></constructor-arg>
<constructor-arg name="address" value="rakshitha"></constructor-arg>
<constructor-arg name="name" value="10"></constructor-arg>
</bean>






</beans>